cs/9308101v1,1,
cs/9308102v1,2,
cs/9309101v1,3,
cs/9311101v1,4,
cs/9311102v1,5,
cs/9312101v1,6,
cs/9401101v1,7,
cs/9402101v1,8,
cs/9402102v1,9,
cs/9402103v1,10,
cs/9403101v1,11,
cs/9406101v1,12,
cs/9406102v1,13,
cs/9408101v1,14,
cs/9408102v1,15,
cs/9408103v1,16,
cs/9409101v1,17,
cs/9412101v1,18,
cs/9412102v1,19,
cs/9412103v1,20,
cs/9501101v1,21,
cs/9501102v1,22,
cs/9501103v1,23,
cs/9503102v1,24,
cs/9504101v1,25,
cs/9505101v1,26,
cs/9505102v1,27,
cs/9505103v1,28,
cs/9505104v1,29,
cs/9505105v1,29,
cs/9506101v1,31,
cs/9506102v1,32,
cs/9507101v1,33,
cs/9508101v1,34,
cs/9508102v1,35,
cs/9510101v1,36,
cs/9510102v1,37,
cs/9510103v1,38,
cs/9511101v1,39,
cs/9512101v1,40,
cs/9512102v1,41,
cs/9512103v1,42,
cs/9512104v1,43,
cs/9512105v1,44,
cs/9512106v1,45,
cs/9512107v1,46,
cs/9601101v1,47,
cs/9602101v1,48,
cs/9602102v1,49,
cs/9603101v1,50,
cs/9603102v1,51,
cs/9603103v1,52,
cs/9603104v1,53,
cs/9604101v1,54,
cs/9604102v1,55,
cs/9604103v1,56,
cs/9605101v1,40,
cs/9605102v1,58,
cs/9605103v1,59,
cs/9605104v1,60,
cs/9605105v1,61,
cs/9605106v1,62,
cs/9606101v1,63,
cs/9606102v1,64,
cs/9608103v1,65,
cs/9608104v1,66,
cs/9609101v1,67,
cs/9609102v1,68,
cs/9610101v1,69,
cs/9610102v1,52,
cs/9611101v1,71,
cs/9612101v1,72,
cs/9612102v1,5,
cs/9612103v1,74,
cs/9701101v1,75,
cs/9701102v1,76,
cs/9703101v1,77,
cs/9704101v1,78,
cs/9705101v1,79,
cs/9705102v1,80,
cs/9706101v1,81,
cs/9706102v1,82,
cs/9707101v1,83,
cs/9707102v1,84,
cs/9707103v1,85,
cs/9709101v1,86,
cs/9709102v1,87,
cs/9711102v1,88,
cs/9711103v1,72,
cs/9711104v1,90,
cs/9712101v1,91,
cs/9712102v1,92,
cs/9801101v1,93,
cs/9801102v1,94,
cs/9803101v1,95,
cs/9803102v1,96,
cs/9803103v1,97,
cs/9805101v1,98,
cs/9806101v1,79,
cs/9806102v1,100,
cs/9808101v1,101,
cs/9810016v1,102,
cs/9811024v1,103,
cs/9812010v1,104,
cs/9812017v1,105,
cs/9903016v1,106,
cs/9906002v1,107,
cs/9909003v1,108,
cs/9910016v1,109,
cs/9911012v2,110,
cs/0002002v1,111,
cs/0002003v1,112,
cs/0002009v1,113,
cs/0003008v1,114,
cs/0003012v1,115,
cs/0003016v1,116,
cs/0003020v2,117,
cs/0003021v1,118,
cs/0003023v1,119,
cs/0003024v1,120,
cs/0003027v1,121,
cs/0003028v1,120,
cs/0003029v1,123,
cs/0003030v1,121,
cs/0003031v1,125,
cs/0003032v1,126,
cs/0003033v1,127,
cs/0003034v2,117,
cs/0003037v1,129,
cs/0003038v1,130,
cs/0003039v1,131,
cs/0003042v1,132,
cs/0003044v1,133,
cs/0003047v1,134,
cs/0003049v1,117,
cs/0003051v1,136,
cs/0003052v3,137,
cs/0003059v1,138,
cs/0003061v1,112,
cs/0003077v1,112,
cs/0003080v1,103,
cs/0005031v3,110,
cs/0006043v1,143,
cs/0007004v1,144,
cs/0010037v1,145,
cs/0011012v3,110,
cs/0011030v1,147,
cs/0105022v1,148,
cs/0106006v1,149,
cs/0106007v1,150,
cs/0106025v1,151,
cs/0107002v1,152,
cs/0109006v1,153,
cs/0111060v1,154,
cs/0112015v1,155,
cs/0201022v2,156,
cs/0202021v1,157,
cs/0202022v1,158,
cs/0202024v1,158,
cs/0202025v1,158,
cs/0202026v1,161,
cs/0202031v1,162,
cs/0202033v1,158,
cs/0203002v1,158,
cs/0203003v1,165,
cs/0203004v1,158,
cs/0203005v2,167,
cs/0203007v1,168,
cs/0204032v1,162,
cs/0205014v1,111,
cs/0206003v1,168,
cs/0206041v2,172,
cs/0207021v1,173,
cs/0207023v2,174,
cs/0207025v1,175,
cs/0207029v2,176,
cs/0207030v2,176,
cs/0207042v1,178,
cs/0207045v1,133,
cs/0207056v1,117,
cs/0207059v1,181,
cs/0207060v1,182,
cs/0207065v1,183,
cs/0207067v1,184,
cs/0207075v1,119,
cs/0207083v1,186,
cs/0208017v1,187,
cs/0208019v1,188,
cs/0208034v3,110,
cs/0209019v1,153,
cs/0209022v2,191,
cs/0210004v1,192,
cs/0211008v4,193,
cs/0211027v1,191,
cs/0211038v1,191,
cs/0211039v1,196,
cs/0211040v1,197,
cs/0212025v1,198,
cs/0301006v1,199,
cs/0301010v2,200,
cs/0301023v1,182,
cs/0302029v1,202,
cs/0302036v2,203,
cs/0302039v1,204,
cs/0303006v1,191,
cs/0303009v2,206,
cs/0303018v1,207,
cs/0305001v1,208,
cs/0305019v1,209,
cs/0305044v2,210,
cs/0306124v1,211,
cs/0306135v1,212,
cs/0307010v2,213,
cs/0307025v1,213,
cs/0307048v2,215,
cs/0307050v1,215,
cs/0307056v1,217,
cs/0307063v1,213,
cs/0308002v3,219,
cs/0309025v1,209,
cs/0310023v1,221,
cs/0310044v1,222,
cs/0310045v1,222,
cs/0310047v1,224,
cs/0310061v1,225,
cs/0310062v1,225,
cs/0311004v1,227,
cs/0311007v1,224,
cs/0311024v1,229,
cs/0311026v1,230,
cs/0311027v1,230,
cs/0311045v1,213,
cs/0311051v1,215,
cs/0312020v1,234,
cs/0312040v1,235,
cs/0312045v1,236,
cs/0312053v1,237,
cs/0401009v1,213,
cs/0402033v1,239,
cs/0402035v1,240,
cs/0402057v2,241,
cs/0403002v2,242,
cs/0403006v1,243,
cs/0404011v1,244,
cs/0404012v1,245,
cs/0404051v1,246,
cs/0405008v1,247,
cs/0405009v1,248,
cs/0405010v1,248,
cs/0405011v1,248,
cs/0405012v1,248,
cs/0405013v1,252,
cs/0405014v1,253,
cs/0405016v1,254,
cs/0405017v1,255,
cs/0405018v1,248,
cs/0405019v1,257,
cs/0405024v1,248,
cs/0405025v1,259,
cs/0405026v1,260,
cs/0405028v1,248,
cs/0405030v1,248,
cs/0405031v1,260,
cs/0405032v1,248,
cs/0405033v1,248,
cs/0405049v1,266,
cs/0405050v1,267,
cs/0405051v1,268,
cs/0405052v1,260,
cs/0405071v1,270,
cs/0405090v1,271,
cs/0405106v1,272,
cs/0405113v2,273,
cs/0406038v1,274,
cs/0407008v1,275,
cs/0407037v1,276,
cs/0407040v1,277,
cs/0407042v1,278,
cs/0407044v1,279,
cs/0408010v5,280,
cs/0408021v2,280,
cs/0408044v1,282,
cs/0408055v1,276,
cs/0408064v3,280,
cs/0409007v1,285,
cs/0409040v3,280,
cs/0410014v1,287,
cs/0410033v2,280,
cs/0410049v1,110,
cs/0410050v1,110,
cs/0411015v1,291,
cs/0411034v2,292,
cs/0411071v1,207,
cs/0411072v1,294,
cs/0412091v1,280,
cs/0501068v1,296,
cs/0501072v1,297,
cs/0501084v1,298,
cs/0501086v1,299,
cs/0501089v1,300,
cs/0501093v1,300,
cs/0501094v2,300,
cs/0501095v1,300,
cs/0501096v1,304,
cs/0502060v1,305,
cs/0504064v1,306,
cs/0504065v1,306,
cs/0504066v1,306,
cs/0504071v1,309,
cs/0505018v1,310,
cs/0505081v1,311,
cs/0506031v1,312,
cs/0507010v1,313,
cs/0507023v1,314,
cs/0507029v1,315,
cs/0508132v1,174,
cs/0509011v1,317,
cs/0509033v1,317,
cs/0510050v1,319,
cs/0510062v1,320,
cs/0510063v1,320,
cs/0510079v2,110,
cs/0510083v1,323,
cs/0510091v1,324,
cs/0511004v1,325,
cs/0511015v2,326,
cs/0511091v1,327,
cs/0512045v2,328,
cs/0512047v2,329,
cs/0512099v1,330,
cs/0601001v2,331,
cs/0601031v1,324,
cs/0601052v1,333,
cs/0601109v3,334,
cs/0602022v1,335,
cs/0602031v1,336,
cs/0603025v2,337,
cs/0603034v1,338,
cs/0603038v2,339,
cs/0603081v1,340,
cs/0603120v1,317,
cs/0604009v1,342,
cs/0604042v1,343,
cs/0604070v2,344,
cs/0604086v1,298,
cs/0605012v2,346,
cs/0605017v1,347,
cs/0605055v1,348,
cs/0605108v2,349,
cs/0605123v1,350,
cs/9810011v1,351,
cs/0111029v1,352,
cs/0111030v1,353,
cs/0111032v1,354,
cs/0207012v1,355,
cs/0207014v1,355,
cs/0405015v1,357,
cs/0407019v2,358,
cs/0407032v1,357,
cs/0409025v1,360,
cs/0412040v1,361,
cs/0503066v1,362,
cs/0508038v1,363,
cs/0510039v1,364,
cs/0602096v1,365,
cs/0603088v1,366,
cs/0603091v1,366,
cs/0603092v1,366,
cs/0605004v1,366,
cs/0605125v1,370,
cs/0605142v1,371,
cs/0605143v1,372,
cs/0605144v1,371,
cs/0605145v1,371,
cs/0605146v1,371,
cs/0608075v1,376,
cs/0609023v1,366,
cs/0609028v1,366,
cs/0609029v1,366,
cs/0609036v1,366,
cs/0610090v1,366,
0706.1692v1,382,
0706.2732v1,382,
0706.2824v1,382,
0707.1151v6,385,
0710.3443v1,386,
0710.3535v2,387,
0710.3789v1,388,
0710.4630v1,389,
0710.4632v1,390,
0710.4634v1,391,
0710.4636v1,392,
0710.4638v1,393,
0710.4639v1,394,
0710.4644v1,395,
0710.4645v1,396,
0710.4646v1,397,
0710.4649v1,398,
0710.4652v1,399,
0710.4653v1,400,
0710.4654v1,401,
0710.4655v1,402,
0710.4656v1,403,
0710.4657v1,404,
0710.4659v1,405,
0710.4660v1,406,
0710.4661v1,407,
0710.4663v1,408,
0710.4665v1,409,
0710.4669v1,410,
0710.4670v1,411,
0710.4671v1,412,
0710.4672v1,413,
0710.4673v1,413,
0710.4678v1,415,
0710.4679v1,416,
0710.4681v1,417,
0710.4684v1,418,
0710.4685v1,419,
0710.4686v1,420,
0710.4687v1,421,
0710.4688v1,422,
0710.4691v1,423,
0710.4692v1,424,
0710.4693v1,425,
0710.4697v1,426,
0710.4703v1,427,
0710.4704v1,428,
0710.4705v1,429,
0710.4706v1,430,
0710.4707v1,431,
0710.4709v1,432,
0710.4711v1,433,
0710.4712v1,434,
0710.4713v1,435,
0710.4714v1,436,
0710.4715v1,437,
0710.4716v1,438,
0710.4717v1,439,
0710.4719v1,440,
0710.4720v1,441,
0710.4721v1,442,
0710.4722v1,443,
0710.4724v1,444,
0710.4727v1,445,
0710.4728v1,446,
0710.4729v1,447,
0710.4731v1,448,
0710.4733v1,449,
0710.4735v1,450,
0710.4736v1,451,
0710.4738v1,452,
0710.4742v1,453,
0710.4747v1,454,
0710.4748v1,455,
0710.4751v1,456,
0710.4754v1,457,
0710.4757v1,458,
0710.4759v1,459,
0710.4760v1,460,
0710.4761v1,461,
0710.4762v1,462,
0710.4763v1,463,
0710.4764v1,464,
0710.4794v1,465,
0710.4795v1,466,
0710.4796v1,467,
0710.4801v1,468,
0710.4805v1,469,
0710.4806v1,470,
0710.4808v1,471,
0710.4809v1,472,
0710.4812v1,473,
0710.4813v1,474,
0710.4814v1,475,
0710.4820v1,476,
0710.4824v1,477,
0710.4825v1,478,
0710.4826v1,479,
0710.4827v1,480,
0710.4832v1,481,
0710.4833v1,482,
0710.4834v1,483,
0710.4838v1,484,
0710.4839v1,485,
0710.4840v1,486,
0710.4842v1,487,
0710.4843v1,488,
0710.4844v1,489,
0710.4845v1,490,
0710.4850v1,491,
0711.0838v2,492,
0711.2383v1,493,
0711.2671v1,366,
0711.2674v1,366,
0802.3441v1,496,
0807.1765v1,497,
0807.3732v1,498,
0808.2584v2,499,
0808.2602v2,500,
0812.3871v1,501,
0901.4081v1,502,
0906.3832v1,503,
0906.3834v1,503,
0909.0099v1,505,
0909.1876v1,506,
0910.3427v4,507,
0910.3736v1,508,
1001.3716v1,509,
1001.3781v1,510,
1001.4694v1,506,
1002.1881v1,502,
1007.4465v1,513,
1008.2729v1,514,
1008.3288v1,515,
1008.3311v1,515,
1008.3340v1,515,
1008.3344v1,515,
1008.3352v1,519,
1008.3357v1,520,
1008.3452v2,521,
1008.3533v1,515,
1008.3694v1,515,
1008.4668v1,515,
1009.1796v1,525,
1009.2622v1,526,
1009.3819v1,515,
1009.4590v1,528,
1009.4977v1,529,
1009.6132v1,530,
1011.4157v2,531,
1101.3698v1,532,
1101.5364v1,533,
1104.0298v1,534,
1104.3310v1,535,
1105.1014v1,506,
1105.1967v1,537,
1105.1973v1,537,
1105.2624v1,539,
1105.2960v1,540,
1106.3677v1,541,
1106.3681v1,542,
1107.3924v1,543,
1108.3970v2,544,
1108.5497v3,545,
1109.0708v1,546,
1109.0752v1,547,
1109.0755v1,548,
1110.1549v1,549,
1110.3281v4,550,
1110.3376v2,551,
1110.3535v1,552,
1110.3584v1,553,
1110.3655v1,554,
1110.6865v1,555,
1111.0703v1,556,
1111.0704v1,556,
1111.0705v1,556,
1111.3056v1,559,
1111.4279v1,560,
1111.7258v1,561,
1112.0727v1,515,
1201.0954v1,537,
1201.1674v1,564,
1201.2107v1,565,
1202.0613v1,566,
1203.0787v1,567,
1203.4150v1,568,
1203.5349v1,569,
1204.1179v1,570,
1204.2809v1,571,
1204.5407v1,572,
1205.1737v2,573,
1205.1860v1,574,
1205.1866v1,575,
1205.1871v1,571,
1205.2153v1,573,
1205.2428v1,578,
1205.4967v1,579,
1206.1567v1,573,
1206.2132v1,581,
1206.4753v2,582,
1207.1187v1,583,
1207.1683v1,584,
1207.2060v1,585,
1207.2739v1,585,
1207.2840v1,587,
1208.0995v1,588,
1208.2374v2,579,
1209.3099v1,590,
1209.3564v1,591,
1210.6338v1,592,
1211.5248v1,593,
1301.0051v1,594,
1301.1465v2,539,
1301.3281v1,596,
1304.0835v1,597,
1304.5081v1,598,
1305.3038v1,599,
1306.0089v1,600,
1306.1889v1,601,
1306.3109v2,602,
1306.5501v1,603,
1307.3324v1,604,
1307.3853v1,602,
1307.6406v1,606,
1307.8319v1,607,
1307.8401v1,607,
1308.6021v1,609,
1309.2458v1,610,
1309.3685v1,611,
1309.3785v1,612,
1309.5459v1,613,
1309.5507v1,613,
1309.5551v1,613,
1309.5647v1,612,
1309.7082v1,612,
1309.7163v1,618,
1309.7321v1,619,
1309.7818v1,620,
1310.0100v1,621,
1310.3356v1,622,
1310.4231v1,612,
1310.7792v1,624,
1310.8494v1,612,
1312.0885v4,618,
1312.2207v2,612,
1312.2976v1,628,
1401.0765v1,612,
1401.1003v1,630,
1401.2727v1,573,
1401.2732v1,573,
1401.2768v1,633,
1401.4629v1,634,
1401.4891v1,628,
1401.6370v1,636,
1404.1602v2,637,
1404.3162v1,638,
1404.3381v1,639,
1404.3877v1,640,
1404.4629v2,612,
1404.5885v1,642,
1404.5929v1,643,
1406.1886v1,644,
1406.4628v1,645,
1406.5000v1,645,
1406.7662v1,647,
1407.0147v1,645,
1407.2082v1,649,
1407.5173v1,650,
1408.0982v1,651,
1408.5401v1,652,
1410.7560v1,573,
1411.0863v1,654,
1411.2088v1,655,
1411.2212v1,656,
1411.2917v1,657,
1411.3492v1,658,
1411.3929v1,659,
1411.6498v1,660,
1412.1140v1,661,
1412.2950v1,662,
1412.3224v1,663,
1412.3829v5,664,
1412.6043v1,665,
1412.7692v1,666,
1503.02354v1,667,
1503.03166v1,668,
1503.03169v1,669,
1503.04628v1,670,
1503.05694v2,671,
1504.03437v1,672,
1504.04297v1,673,
1504.04586v1,674,
1506.03160v1,675,
1506.03181v2,676,
1506.03182v2,676,
1506.03186v2,676,
1506.03193v2,676,
1507.01777v1,680,
1507.03303v1,681,
1508.06811v1,682,
1508.06832v1,683,
1508.07139v1,684,
1509.03575v1,685,
1509.03721v1,686,
1509.03740v1,686,
1509.04268v1,688,
1509.04618v1,689,
1509.06891v1,680,
1509.08111v3,691,
1509.09249v1,692,
1510.02574v1,693,
1510.04241v1,694,
1510.06791v1,658,
1511.01946v1,696,
1511.06726v1,694,
1511.08774v3,698,
1511.09074v1,699,
1604.03062v2,700,
cs/9301111v1,701,
cs/9301113v1,701,
cs/9808002v1,703,
cs/9809001v1,704,
cs/9809002v1,705,
cs/9809114v1,706,
cs/9809115v1,707,
cs/9809116v1,708,
cs/9809117v2,709,
cs/9906017v1,710,
cs/9906028v1,703,
cs/9906033v1,712,
cs/9907033v1,713,
cs/9907034v1,713,
cs/9907035v1,713,
cs/9907036v1,703,
cs/9907037v1,713,
cs/9907038v1,713,
cs/9907039v1,703,
cs/9907041v1,720,
cs/9908018v1,710,
cs/9909020v1,713,
cs/9910002v1,703,
cs/9910003v1,703,
cs/9910004v1,703,
cs/9910005v2,703,
cs/9910006v1,713,
cs/9910007v1,703,
cs/9910008v2,703,
cs/9911002v2,710,
cs/0004009v2,731,
cs/0007025v1,732,
cs/0010005v1,733,
cs/0010011v1,713,
cs/0102024v1,713,
cs/0106037v1,703,
cs/0106041v1,737,
cs/0106045v2,738,
cs/0106049v2,739,
cs/0108010v3,740,
cs/0109018v1,741,
cs/0110025v2,703,
cs/0110039v1,743,
cs/0110040v1,744,
cs/0111009v1,745,
cs/0111052v1,746,
cs/0112001v10,747,
cs/0112021v1,741,
cs/0201001v1,749,
cs/0203016v1,750,
cs/0203017v1,750,
cs/0203029v21,747,
cs/0205031v1,753,
cs/0205056v1,754,
cs/0205064v6,755,
cs/0208006v1,756,
cs/0208018v2,757,
cs/0208043v1,758,
cs/0208044v1,759,
cs/0209015v2,757,
cs/0210008v1,761,
cs/0211012v2,762,
cs/0211025v3,763,
cs/0211026v2,764,
cs/0211032v2,764,
cs/0212001v1,766,
cs/0212016v3,767,
cs/0212056v1,768,
cs/0301012v1,769,
cs/0301013v1,770,
cs/0301016v1,771,
cs/0304020v2,772,
cs/0304026v1,773,
cs/0304030v1,758,
cs/0304038v1,775,
cs/0304039v1,776,
cs/0304040v1,777,
cs/0304041v1,778,
cs/0304044v1,746,
cs/0305035v27,780,
cs/0306131v1,703,
cs/0307020v1,782,
cs/0309052v1,783,
cs/0310046v3,784,
cs/0310060v19,780,
cs/0312039v3,786,
cs/0404044v2,787,
cs/0406009v1,788,
cs/0406044v4,789,
cs/0409012v3,790,
cs/0409043v1,791,
cs/0410035v1,713,
cs/0410037v1,330,
cs/0410057v2,794,
cs/0411007v1,795,
cs/0411033v1,796,
cs/0411037v2,797,
cs/0412022v3,798,
cs/0412042v1,799,
cs/0412048v1,800,
cs/0412062v2,801,
cs/0412096v1,802,
cs/0412097v1,802,
cs/0501009v1,796,
cs/0501022v1,713,
cs/0501026v1,806,
cs/0502030v36,807,
cs/0502068v1,808,
cs/0503034v1,809,
cs/0503049v3,713,
cs/0504088v1,811,
cs/0504096v2,713,
cs/0505076v1,813,
cs/0505079v1,814,
cs/0506081v2,815,
cs/0506082v1,816,
cs/0506090v1,767,
cs/0506100v1,818,
cs/0507057v1,819,
cs/0508037v2,820,
cs/0511085v2,821,
cs/0512035v1,822,
cs/0601086v2,823,
cs/0602001v1,713,
cs/0602010v1,825,
cs/0602047v3,799,
cs/0602075v1,827,
cs/0603017v2,828,
cs/0603060v1,767,
cs/0604003v1,798,
cs/0604014v2,831,
cs/0604047v1,832,
cs/0604113v1,833,
cs/0606009v4,816,
cs/0606033v2,835,
cs/0606037v3,836,
cs/0606057v1,837,
cs/0606064v1,838,
cs/0606080v1,839,
cs/0607054v1,840,
cs/0607093v21,780,
cs/0607118v2,842,
cs/0608020v1,843,
cs/0608036v1,844,
cs/0608067v1,797,
cs/0608074v4,846,
cs/0608106v3,847,
cs/0609012v1,847,
cs/0609072v2,849,
cs/0610009v2,850,
cs/0611082v6,780,
cs/0611147v9,852,
cs/0701004v4,853,
cs/0701008v1,854,
cs/0701014v2,855,
cs/0701033v1,856,
cs/0701049v2,857,
cs/0701128v1,794,
cs/0702047v1,859,
cs/0702053v1,860,
cs/0702058v1,861,
cs/0702133v1,862,
cs/0702160v1,863,
cs/0703085v1,787,
cs/0703110v4,865,
0704.0108v1,866,
0704.0213v2,867,
0704.0229v4,868,
0704.0301v1,869,
0705.0915v2,870,
0705.1442v2,871,
0706.1477v1,850,
0706.2035v1,873,
0706.3412v1,874,
0707.0430v1,875,
0707.1364v1,876,
0707.4489v1,877,
0708.2105v1,878,
0708.3568v1,879,
0708.4075v1,880,
0709.0367v2,881,
0709.0746v1,868,
0709.0748v1,868,
0709.0749v2,868,
0709.0751v2,868,
0709.1207v3,886,
0709.4117v1,887,
0710.0360v1,850,
0710.0805v3,889,
0710.2732v1,890,
0710.3519v1,891,
0710.3961v1,892,
0710.4272v2,893,
0711.1827v3,870,
0711.2010v5,895,
0712.1532v1,799,
0712.3348v2,838,
0712.4279v2,898,
0801.0474v1,899,
0801.0514v1,900,
0801.3624v3,901,
0801.3669v4,902,
0801.4777v1,903,
0801.4911v1,904,
0801.4917v1,904,
0802.0423v1,906,
0802.1465v2,907,
0802.1699v1,908,
0802.1790v1,909,
0802.1829v1,881,
0802.2300v1,911,
0802.2833v1,912,
0802.2860v1,913,
0802.2868v1,732,
0802.2869v1,915,
0802.3254v1,907,
0802.3860v1,917,
0802.4312v2,787,
0803.0055v1,919,
0803.1030v3,802,
0803.4206v2,898,
0803.4261v1,922,
0803.4516v1,923,
0804.0957v2,900,
0804.1079v12,925,
0805.0517v5,925,
0805.1385v3,927,
0805.1765v1,928,
0805.2135v1,929,
0805.2170v6,925,
0805.3058v1,909,
0806.1041v1,932,
0807.1412v1,900,
0808.2662v3,934,
0808.3222v5,925,
0809.0257v4,936,
0809.0352v3,492,
0809.1836v1,938,
0809.2093v2,898,
0809.2319v2,932,
0809.3614v1,941,
0810.1018v1,942,
0810.4249v1,943,
0812.0852v3,944,
0812.1601v4,945,
0812.3214v2,946,
0812.4009v21,947,
0901.2703v2,948,
0901.2906v1,949,
0902.0047v1,950,
0902.1609v1,951,
0902.1835v2,952,
0902.1866v1,850,
0902.2081v2,948,
0902.2146v1,955,
0902.2300v2,956,
0902.2674v4,957,
0902.3757v1,928,
0903.0050v2,948,
0903.4728v2,712,
0904.0698v3,961,
0904.3116v4,962,
0904.3912v2,963,
0904.3927v1,964,
0904.3941v1,965,
0906.1084v1,966,
0906.3119v1,967,
0906.3162v1,968,
0906.3186v1,847,
0906.3231v1,970,
0906.3251v1,971,
0906.3306v1,972,
0906.3765v3,973,
0906.4431v4,974,
0906.5112v4,975,
0907.0691v1,976,
0907.1307v1,977,
0907.2324v1,912,
0907.2621v1,979,
0907.3117v1,980,
0907.3780v2,900,
0907.3965v80,982,
0907.4006v1,900,
0907.4775v2,957,
0907.5575v2,850,
0908.1159v2,986,
0908.1397v3,987,
0908.1932v2,868,
0908.1936v2,868,
0908.2122v1,990,
0908.2476v1,991,
0908.2940v3,756,
0908.4013v3,986,
0909.3466v3,994,
0909.3868v2,995,
0909.4607v1,898,
0909.5479v1,997,
0909.5684v1,998,
0910.1427v1,999,
0910.1443v1,999,
0910.1862v1,929,
0910.2271v3,1002,
0910.2649v1,1003,
0910.3282v1,991,
0910.3719v1,928,
0910.4122v5,1006,
0910.4224v2,929,
0910.4266v2,772,
0910.4518v1,952,
0911.0664v7,1010,
0911.2325v1,1011,
0911.3389v2,928,
0911.3473v3,1013,
0911.3492v2,1014,
0911.4337v1,1015,
0912.0309v2,1016,
0912.0568v1,1017,
0912.0741v2,877,
0912.1776v1,1019,
0912.2565v1,999,
0912.2607v3,1021,
0912.3162v1,1022,
0912.3627v1,1023,
0912.3730v2,1024,
0912.3802v3,1025,
0912.4602v2,1026,
0912.4935v4,1027,
0912.5276v1,1028,
1001.0117v2,787,
1001.0208v2,971,
1001.0383v2,1026,
1001.0464v3,1032,
1001.1593v1,1033,
1001.2034v1,1034,
1001.2052v1,934,
1001.3485v1,1036,
1001.3816v2,1037,
1001.4649v1,1038,
1001.4687v1,1039,
1001.4987v2,1040,
1002.1496v1,999,
1002.1606v4,773,
1002.1880v4,1043,
1002.3453v1,1044,
1002.3664v1,934,
1002.3769v2,1046,
1002.4084v1,1046,
1002.4676v1,1048,
1003.1164v1,1049,
1003.3704v2,1050,
cs/0011014v1,1051,
cs/0102003v1,1052,
cs/0104013v1,1053,
cs/0104014v1,1053,
cs/0105004v1,1055,
cs/0110067v1,1056,
cs/0201026v1,1057,
cs/0203023v1,1058,
cs/0204051v1,1059,
cs/0204056v1,1059,
cs/0208022v1,1061,
cs/0208040v1,1062,
cs/0210005v1,1063,
cs/0302034v2,1064,
cs/0302035v2,1064,
cs/0304009v1,1066,
cs/0305036v4,1067,
cs/0305055v1,1066,
cs/0306105v1,1069,
cs/0307039v1,1070,
cs/0307053v1,1071,
cs/0307064v1,1059,
cs/0406021v3,1064,
cs/0407029v1,1064,
cs/0410064v1,1075,
cs/0412031v1,1076,
cs/0412033v1,1076,
cs/0412034v1,1076,
cs/0503084v1,1079,
cs/0503087v4,1067,
cs/0505001v1,1081,
cs/0506033v4,1067,
cs/0507025v1,1083,
cs/0507055v2,1084,
cs/0508102v1,1085,
cs/0509002v1,1086,
cs/0509003v1,1086,
cs/0509012v5,1088,
cs/0510027v2,1064,
cs/0511024v1,1090,
cs/0604090v1,1091,
cs/0607018v2,1092,
cs/0607083v1,1093,
cs/0607091v1,1094,
cs/0609087v1,1095,
cs/0609145v1,1064,
cs/0611044v1,1076,
cs/0611045v1,1076,
cs/0611083v1,1076,
cs/0611132v1,1076,
cs/0611133v1,1076,
cs/0701119v1,1102,
cs/0703068v2,1103,
0705.0150v2,1104,
0705.1390v1,1105,
0705.1672v1,1106,
0705.1759v1,1107,
0705.2604v1,1107,
0706.1119v2,1109,
0706.2331v5,1110,
0707.0181v1,1111,
0707.0336v2,1110,
0707.2432v7,1110,
0708.3048v2,1064,
0708.3465v1,1115,
0710.5512v1,1116,
0711.2116v1,1117,
0712.3617v2,1110,
0804.1187v1,1119,
0807.5120v2,1120,
0812.4523v1,1121,
0902.0763v1,1122,
0902.3541v1,1121,
0908.2578v1,1124,
0909.0611v2,1125,
0909.2336v2,1126,
0911.3125v2,1127,
0911.4230v1,1128,
0911.4987v1,1129,
1001.3495v1,1130,
1004.3571v1,1131,
1008.3551v1,1132,
1011.0250v1,1133,
1011.0279v1,1134,
1011.0488v1,1135,
1011.0496v1,1136,
1011.0498v1,1137,
1011.5481v1,1138,
1012.4374v1,1139,
1012.5074v1,1140,
1103.2447v1,1141,
1103.3391v1,1142,
1103.4720v2,1143,
1105.5939v1,1144,
1106.2794v1,1145,
1106.3977v3,1146,
1107.0015v1,1147,
1107.1128v1,1148,
1107.4918v2,1149,
1109.3524v2,1150,
1110.2049v1,1151,
1110.3382v1,1152,
1111.2514v1,1153,
1112.2954v2,1154,
1112.4895v3,1155,
1201.0469v1,1156,
1201.3479v1,1157,
1203.2499v2,1158,
1203.2528v1,514,
1203.6728v1,1160,
1204.4366v1,514,
1204.5174v2,1162,
1206.0638v2,1163,
1206.4438v1,1164,
1207.0313v1,1165,
1207.1547v1,1166,
1207.1933v1,1167,
1207.2169v2,1168,
1207.2254v1,1167,
1208.3122v1,1170,
1208.3681v1,1170,
1208.3849v1,1172,
1209.0616v1,1138,
1209.2641v1,1174,
1211.2743v1,1175,
1211.3233v2,1176,
1211.4654v1,1177,
1211.5890v1,1165,
1212.1107v1,1179,
1212.3922v1,1180,
1212.3924v1,1180,
1212.3925v1,1182,
1212.3928v1,1183,
1212.3930v1,1184,
1212.5095v1,1185,
1212.5253v1,1186,
1212.5255v1,1187,
1212.5256v1,1180,
1212.5260v1,1189,
1212.5262v1,1189,
1212.5263v1,1191,
1212.5264v1,1192,
1212.5265v1,1193,
1212.5275v1,1189,
1212.5589v1,1189,
1212.5592v1,1189,
1212.5593v1,1197,
1212.5599v1,1198,
1212.5664v1,1198,
1212.5665v1,1200,
1301.1409v3,1154,
1301.5595v1,1202,
1304.1625v1,1203,
1304.2170v1,1204,
1304.6099v2,1151,
1304.7226v1,1206,
1305.0596v1,1207,
1305.1112v1,1208,
1305.2322v1,1209,
1305.7422v1,1210,
1305.7424v1,1211,
1306.2019v1,1212,
1306.2843v3,1213,
1306.3011v2,1214,
1306.4092v1,1215,
1306.5160v1,1210,
1307.0747v1,1217,
1307.0749v1,1218,
1307.1073v1,1219,
1307.1466v1,1220,
1307.1597v2,1221,
1307.1598v1,1222,
1307.1625v2,1223,
1307.5076v1,1224,
1307.7757v4,1225,
1308.1365v1,1226,
1308.1860v2,1224,
1308.2773v3,1228,
1308.4801v1,1229,
1308.5144v1,1220,
1308.6697v1,1220,
1309.4429v1,1232,
1309.5677v1,1233,
1310.0068v2,1234,
1310.2361v1,1235,
1310.3360v1,1236,
1310.6876v2,1228,
1312.0264v3,1238,
1312.2841v1,1239,
1312.2859v1,1239,
1312.2861v1,1239,
1312.3808v1,1242,
1312.3858v1,1243,
1401.1152v3,1244,
1401.5162v1,1245,
1401.5791v1,1246,
1401.6759v1,1247,
1401.7631v1,1248,
1404.1990v2,1249,
1404.2872v1,1250,
1404.3286v1,1251,
1404.3329v1,1252,
1404.3330v1,1251,
1404.4282v4,1254,
1404.5062v1,1255,
1404.5254v1,1256,
1404.6020v1,1257,
1407.3373v1,1258,
1407.3661v1,1259,
1407.4650v1,1260,
1407.8476v2,1228,
1408.5592v1,1262,
1410.1233v10,1263,
1410.4399v1,1264,
1410.4428v1,1264,
1410.8616v1,1266,
1410.8674v1,1157,
1411.0001v1,1266,
1411.2684v3,1154,
1411.3508v1,1270,
1411.3923v1,1271,
1411.4110v2,1272,
1411.6884v1,1273,
1411.7462v1,1274,
1412.4192v3,1275,
1412.5496v1,1276,
1412.6306v1,1277,
1412.6412v1,1278,
1412.6850v2,1279,
1412.7811v1,1280,
1412.7929v2,1281,
1503.03605v3,1282,
1503.05146v1,1214,
1503.05275v1,1284,
1503.07122v1,1285,
1503.07809v1,1286,
1504.01310v3,1287,
1504.06664v1,1288,
1506.00571v5,1289,
1506.00716v1,1290,
1506.01190v1,1291,
1506.03611v1,1292,
1506.04447v1,1293,
1506.07214v1,1294,
1506.07411v1,1295,
1506.07424v1,1296,
1506.08231v3,1297,
1506.09000v1,1298,
1507.00219v1,1299,
1507.01894v2,1300,
1507.06565v1,1301,
1508.03604v1,1302,
1508.03882v2,1303,
1508.04105v1,1304,
1508.07435v3,1282,
1509.01693v1,1306,
1509.01709v2,1307,
1509.03198v1,1308,
1509.04250v1,1309,
1509.05208v1,1310,
1509.08357v1,1214,
1509.09211v1,1312,
1510.03035v1,1313,
1510.03102v3,1314,
1510.06482v2,1315,
1510.07020v2,1316,
1511.01380v1,1270,
1511.08410v1,1318,
1512.02183v1,1319,
1604.00547v1,1320,
1604.00594v1,1321,
1604.01367v1,1322,
1604.01651v3,1323,
1604.03195v2,1324,
1604.05015v1,1325,
1604.05122v1,1326,
1604.06777v1,1327,
1606.00093v1,1328,
1606.01243v1,1229,
1606.02422v4,1330,
1606.03855v2,1331,
1606.06975v1,1332,
1606.08761v1,1333,
1607.01033v1,1334,
1607.04596v4,1335,
1607.08853v1,1336,
1608.03990v3,1337,
1608.04998v1,1338,
1608.06654v1,1339,
1610.00004v1,1340,
1610.01265v1,1341,
1610.02277v2,1342,
1610.03484v2,1343,
1610.03932v3,1344,
1610.04303v1,1345,
1610.04304v1,1345,
1610.04610v1,1343,
1610.05472v2,1348,
1610.06958v1,1349,
1610.09902v2,1350,
1610.09906v1,1351,
1610.10057v1,1352,
1611.00531v1,1353,
1611.00616v2,1354,
1611.06271v1,1214,
1611.06396v1,1356,
1611.06868v1,1357,
1611.07368v1,1358,
1611.08266v1,1359,
1701.00557v2,1360,
1701.03636v2,1157,
1701.06182v1,1362,
1701.06254v1,1359,
1701.06432v2,1364,
1701.09131v1,1365,
1702.00394v2,1366,
1702.00695v1,1367,
1702.01464v2,1368,
1702.02046v1,1369,
1702.05075v2,1370,
1702.07284v2,1371,
1702.07320v1,1372,
1702.07779v1,1373,
1710.00882v1,1374,
1710.02620v1,1375,
1710.05160v2,1350,
1710.05781v1,1377,
1710.05916v2,1378,
1710.08180v1,1379,
1710.10940v1,1380,
1711.00110v1,1381,
1711.02661v1,1382,
1711.03589v1,1383,
1711.09307v1,1384,
1711.10782v1,1385,
1711.11230v7,1386,
1711.11519v2,1387,
1311.0438v2,1388,
1311.0534v1,1389,
1311.0790v2,1390,
1311.2167v2,1391,
1311.3837v1,1392,
1311.4570v1,1393,
1311.6215v1,1394,
1311.6460v1,1395,
1609.00119v1,1336,
1609.05502v3,1397,
1609.06153v1,1398,
1609.06187v2,1345,
1609.07114v2,1400,
cs/9808008v1,1401,
cs/9809038v2,1402,
cs/9809081v1,1403,
cs/9809109v1,1402,
cs/9810007v2,1405,
cs/9901013v1,1406,
cs/9906023v1,1407,
cs/9907023v1,1405,
cs/9907024v1,1405,
cs/9907025v1,1410,
cs/9907028v1,1405,
cs/9907029v2,1405,
cs/9907030v1,1402,
cs/9908006v2,1407,
cs/9908007v1,1415,
cs/9908016v1,1416,
cs/9909004v1,1417,
cs/9909005v1,1417,
cs/9909006v1,1417,
cs/9909007v1,1417,
cs/9909017v1,1405,
cs/0009013v2,1422,
cs/0009024v1,1416,
cs/0010039v1,1407,
cs/0101006v2,1416,
cs/0103017v1,1426,
cs/0108020v3,1416,
cs/0202011v1,1428,
cs/0203025v1,1428,
cs/0204042v1,1430,
cs/0204050v1,1422,
cs/0206002v1,1426,
cs/0206018v3,1433,
cs/0206019v1,1434,
cs/0207063v1,1435,
cs/0207081v1,1416,
cs/0209007v2,1437,
cs/0209027v1,764,
cs/0209034v1,1439,
cs/0302031v1,1440,
cs/0303001v1,1441,
cs/0304023v1,1442,
cs/0304025v1,1407,
cs/0307023v2,1402,
cs/0307027v1,1445,
cs/0310031v1,1446,
cs/0405089v1,1447,
cs/0407020v1,1448,
cs/0412025v3,1402,
cs/0412046v1,1402,
cs/0501007v1,1441,
cs/0505017v1,1452,
cs/0505047v1,1453,
cs/0507038v1,1454,
cs/0507049v1,1402,
cs/0510004v1,1456,
cs/0510024v1,1402,
cs/0510053v2,1458,
cs/0510088v2,1459,
cs/0510090v1,1460,
cs/0512001v1,1461,
cs/0512064v1,1458,
cs/0601033v1,1463,
cs/0601128v2,1464,
cs/0602080v1,1465,
cs/0602095v2,1442,
cs/0603002v1,1467,
cs/0603057v1,1402,
cs/0604022v4,1469,
cs/0604034v2,1402,
cs/0604059v1,1405,
cs/0605029v1,1472,
cs/0606013v1,1473,
cs/0606036v1,1474,
cs/0606041v1,1475,
cs/0607094v1,1402,
cs/0607113v1,1477,
cs/0607145v3,1478,
cs/0609033v1,1479,
cs/0609078v2,1480,
cs/0612026v1,1481,
cs/0701007v1,854,
cs/0701096v2,1483,
cs/0702039v1,1484,
cs/0702080v2,1485,
cs/0702087v1,1486,
cs/0702117v3,1487,
cs/0703023v1,1484,
cs/0703030v1,1489,
cs/0703037v1,1490,
0705.0635v2,1491,
0705.1956v1,1492,
0705.3343v1,1493,
0705.4085v1,1415,
0707.0610v4,1407,
0708.0964v1,1496,
0709.1647v1,1407,
0709.1941v3,1498,
0709.2196v1,1499,
0709.2831v2,1500,
